Chromosome ,SNP 
3,rs2276731 
3,rs4894707 
3,rs1110168 
3,rs1394174 
3,rs7433197 
3,rs11915634 
3,rs3925158 
3,rs13096731 
3,rs59042687 
3,rs9831278 
3,rs62295801 
3,rs7646786 
3,rs9864379 
3,rs75754569 
3,rs4428215 
4,rs3775467 
4,rs7656342 
4,rs11724031 
4,rs17421787 
4,rs116135844 
4,rs10805326 
4,rs11098863 
7,rs1360741 
7,rs1182182 
7,rs1182182 
7,rs10248138 
7,rs17661843 
7,rs10805326 
14,rs8019270 
14,rs9323326 
14,rs986417 
14,rs11626933 
14,rs8009993 
16,rs2066847
16, rs2066844
16, rs2066845
16,rs2066844
16,rs2066845
16,rs5743277
16,rs5743293
16,rs104895431
16,rs104895467 
16,rs12149695 
16,rs1362404 
16,rs55808472 
16,rs3803713 
19,rs601338 
19,rs601338 
19,rs148330122 
19,rs67476743 
19,rs830151 
19,rs35866622 
